episode,reward
1,-56.15661
2,-51.296497
3,-50.624344
4,-49.96849
5,-52.721985
6,-44.675728
7,-46.883156
8,-48.45489
9,-44.643654
10,-50.141403
11,-51.34354
12,-51.420357
13,-48.852318
14,-48.991478
15,-48.509624
16,-51.36751
17,-49.920082
18,-46.81684
19,-51.303684
20,-49.89016
21,-54.930664
22,-49.562775
23,-49.308655
24,-40.69881
25,-44.918148
26,-49.13307
27,-45.88837
28,-51.28435
29,-45.614464
30,-47.498783
31,-50.843655
32,-42.310143
33,-53.093422
34,-43.082752
35,-43.941174
36,-55.92404
37,-51.275406
38,-50.268505
39,-44.267166
40,-47.490887
41,-49.33598
42,-44.459686
43,-47.751495
44,-42.980648
45,-46.454388
46,-51.12783
47,-37.16109
48,-39.665787
49,-50.222034
50,-51.027378
51,-45.444675
52,-52.703823
53,-41.950226
54,-45.572113
55,-48.932247
56,-45.266087
57,-51.901478
58,-49.1097
59,-46.057774
60,-50.39483
61,-40.033195
62,-46.26306
63,-35.43875
64,-42.111786
65,-42.265068
66,-44.391388
67,-42.66818
68,-46.215897
69,-45.29234
70,-48.3474
71,-53.842197
72,-50.980755
73,-42.78531
74,-46.580864
75,-43.081238
76,-45.9342
77,-49.350365
78,-45.36988
79,-51.97135
80,-45.70788
81,-49.649876
82,-37.109646
83,-48.264187
84,-45.661552
85,-54.31477
86,-51.179394
87,-48.66279
88,-44.082626
89,-47.617878
90,-49.608295
91,-46.22924
92,-47.397972
93,-51.701565
94,-47.04708
95,-48.334232
96,-50.087154
97,-40.62644
98,-44.416008
99,-47.57392
100,-50.149143
101,-39.500114
102,-51.03619
103,-43.15903
104,-44.8573
105,-51.836403
106,-47.02703
107,-48.784225
108,-50.18606
109,-47.86455
110,-44.915257
111,-46.04526
112,-53.863655
113,-49.642754
114,-45.27184
115,-50.331467
116,-50.245422
117,-41.59239
118,-53.595127
119,-52.183655
120,-44.724453
121,-45.412266
122,-44.90884
123,-43.57268
124,-49.2142
125,-50.50749
126,-44.364674
127,-41.150547
128,-45.84422
129,-48.052628
130,-54.153217
131,-46.381783
132,-49.348583
133,-47.42042
134,-46.059845
135,-47.75601
136,-46.786686
137,-45.181664
138,-45.005127
139,-39.926857
140,-46.89533
141,-42.048237
142,-38.374985
143,-41.1632
144,-48.37009
145,-47.094475
146,-41.886585
147,-49.251957
148,-47.88894
149,-44.083065
150,-46.56753
151,-49.08895
152,-47.08097
153,-42.4948
154,-44.66392
155,-46.780697
156,-48.678158
157,-49.312687
158,-51.578094
159,-41.106888
160,-42.131336
161,-51.320457
162,-42.835884
163,-46.30541
164,-43.700737
165,-43.673714
166,-43.678623
167,-46.034348
168,-42.58527
169,-49.387035
170,-40.974964
171,-44.700596
172,-47.099247
173,-40.329483
174,-45.4895
175,-44.10625
176,-47.018623
177,-45.396946
178,-43.78427
179,-46.896545
180,-46.284584
181,-39.903168
182,-44.53737
183,-44.0485
184,-37.70929
185,-47.24915
186,-49.64714
187,-48.491753
188,-41.870277
189,-42.95302
190,-46.896645
191,-39.702084
192,-44.81252
193,-41.81354
194,-49.196022
195,-46.109837
196,-48.32828
197,-34.98721
198,-40.891354
199,-43.105873
200,-50.665
201,-44.55445
202,-46.647472
203,-48.024746
204,-45.356083
205,-45.81466
206,-50.85757
207,-47.343094
208,-43.042
209,-53.957726
210,-49.100384
211,-42.711838
212,-35.86605
213,-41.021267
214,-45.744053
215,-46.74584
216,-50.827442
217,-46.034615
218,-42.507343
219,-46.823402
220,-44.790398
221,-45.915195
222,-52.474884
223,-45.18369
224,-40.685608
225,-46.930206
226,-45.54034
227,-42.901344
228,-53.0643
229,-44.59219
230,-47.21164
231,-40.152
232,-49.838722
233,-46.021618
234,-48.762634
235,-41.452934
236,-51.689037
237,-49.622356
238,-47.528976
239,-50.463005
240,-41.554813
241,-44.364952
242,-49.503857
243,-46.49539
244,-51.111534
245,-47.060474
246,-54.170307
247,-47.63582
248,-44.99821
249,-49.912193
250,-48.76116
251,-41.02105
252,-48.79222
253,-46.161472
254,-49.648113
255,-45.974285
256,-50.50333
257,-45.105366
258,-47.572742
259,-50.00138
260,-48.64376
261,-52.436367
262,-39.987434
263,-49.03828
264,-51.919895
265,-49.981472
266,-45.912834
267,-43.477654
268,-46.896088
269,-48.70962
270,-43.05221
271,-45.547832
272,-43.118217
273,-43.200222
274,-46.270184
275,-47.405235
276,-46.38936
277,-44.121483
278,-46.021774
279,-49.115036
280,-43.436153
281,-53.749386
282,-51.936237
283,-52.30667
284,-42.7567
285,-46.616596
286,-48.995182
287,-52.45571
288,-50.67954
289,-44.50939
290,-46.65504
291,-52.663517
292,-52.513042
293,-43.042336
294,-51.896748
295,-47.5985
296,-51.139523
297,-49.786163
298,-49.44145
299,-46.87059
300,-50.010788
301,-47.159206
302,-49.566303
303,-51.811085
304,-42.072308
305,-49.289093
306,-53.716404
307,-58.600533
308,-52.783516
309,-50.547867
310,-48.431305
311,-53.31296
312,-47.7541
313,-55.455746
314,-46.779003
315,-47.221947
316,-42.4388
317,-52.242233
318,-47.204556
319,-47.74593
320,-53.417755
321,-51.083767
322,-52.276474
323,-52.656055
324,-49.88377
325,-55.19663
326,-55.32893
327,-49.909996
328,-53.801975
329,-48.21381
330,-53.21903
331,-53.472824
332,-53.00837
333,-43.5967
334,-53.238216
335,-55.185818
336,-46.329453
337,-52.77066
338,-53.52154
339,-54.943424
340,-48.24426
341,-54.066532
342,-51.323936
343,-43.319923
344,-54.659077
345,-55.891415
346,-50.545677
347,-48.017036
348,-51.383904
349,-50.208412
350,-56.31013
351,-50.766476
352,-55.129005
353,-56.41993
354,-43.554325
355,-60.04735
356,-55.92175
357,-49.164516
358,-49.82513
359,-54.587124
360,-57.543888
361,-57.947876
362,-61.410946
363,-54.916355
364,-51.266117
365,-54.835644
366,-56.918198
367,-56.68008
368,-58.9597
369,-54.790615
370,-53.21206
371,-56.5784
372,-53.210434
373,-53.907063
374,-53.891712
375,-53.88549
376,-48.157913
377,-57.351246
378,-55.874466
379,-53.12043
380,-57.22711
381,-55.706387
382,-47.983505
383,-57.20268
384,-47.900482
385,-54.01324
386,-50.08337
387,-51.414284
388,-50.34855
389,-55.257984
390,-49.40793
391,-55.09943
392,-53.882175
393,-55.044292
394,-50.048622
395,-55.50739
396,-58.22841
397,-56.500496
398,-51.979
399,-52.98033
400,-53.253654
401,-46.99365
402,-50.488422
403,-52.929756
404,-49.247986
405,-59.497128
406,-57.956596
407,-49.208115
408,-52.59726
409,-58.430172
410,-54.58176
411,-64.75256
412,-62.337936
413,-53.733437
414,-54.21817
415,-54.415115
416,-55.923195
417,-59.01854
418,-59.374603
419,-57.83583
420,-54.797134
421,-57.728695
422,-55.74677
423,-57.164677
424,-58.275517
425,-48.05885
426,-56.515224
427,-55.095493
428,-52.487522
429,-53.712784
430,-55.74634
431,-58.829887
432,-56.729053
433,-55.272114
434,-52.473324
435,-59.29314
436,-60.782524
437,-55.073574
438,-52.337162
439,-55.398514
440,-52.371307
441,-61.175694
442,-56.427177
443,-56.47006
444,-53.956547
445,-60.048534
446,-52.02007
447,-60.444004
448,-55.177994
449,-55.584282
450,-55.7079
451,-62.183384
452,-55.356075
453,-57.44399
454,-61.618465
455,-59.21814
456,-55.012043
457,-52.53245
458,-55.7839
459,-54.905792
460,-53.832027
461,-55.37123
462,-58.7129
463,-54.73425
464,-54.295536
465,-54.47821
466,-47.919632
467,-55.156067
468,-57.68539
469,-51.57853
470,-59.74442
471,-55.152008
472,-55.43235
473,-58.794235
474,-59.165424
475,-62.201305
476,-55.677944
477,-56.4145
478,-59.71814
479,-51.82623
480,-54.052162
481,-49.225216
482,-56.661324
483,-61.47543
484,-54.61773
485,-60.874413
486,-55.607265
487,-56.315243
488,-52.61798
489,-53.82036
490,-59.718124
491,-54.45862
492,-57.10224
493,-54.01929
494,-59.02821
495,-50.659676
496,-54.624557
497,-63.710724
498,-57.98381
499,-60.033978
500,-51.740726
501,-53.487957
502,-57.80803
503,-57.32102
504,-52.644768
505,-54.70086
506,-59.89529
507,-51.704533
508,-50.14871
509,-50.366188
510,-58.35464
511,-56.83867
512,-53.197853
513,-61.416428
514,-52.752975
515,-57.667587
516,-58.733685
517,-58.699577
518,-57.174652
519,-55.353508
520,-56.254246
521,-58.596573
522,-50.53179
523,-53.514824
524,-54.83674
525,-61.143764
526,-58.688953
527,-52.82131
528,-60.178238
529,-51.232136
530,-56.4764
531,-53.563625
532,-59.457043
533,-64.62549
534,-59.125595
535,-57.25363
536,-59.078304
537,-56.671097
538,-52.450306
539,-59.659348
540,-52.21292
541,-61.247738
542,-55.570553
543,-55.682804
544,-58.284378
545,-56.68078
546,-56.409473
547,-56.754623
548,-58.718884
549,-57.444347
550,-51.578117
551,-59.948593
552,-55.972652
553,-55.321083
554,-57.81404
555,-57.10794
556,-56.385147
557,-57.99915
558,-59.34254
559,-57.6458
560,-60.538467
561,-58.539932
562,-66.33717
563,-54.985325
564,-58.46394
565,-55.713764
566,-59.994373
567,-49.907135
568,-63.425194
569,-60.241585
570,-52.317505
571,-59.34836
572,-57.695065
573,-55.898827
574,-56.147636
575,-54.89578
576,-52.952995
577,-55.721626
578,-58.613163
579,-53.796043
580,-57.366573
581,-56.424477
582,-53.801388
583,-60.871014
584,-63.820736
585,-57.93246
586,-56.961205
587,-60.337437
588,-56.095585
589,-56.165264
590,-62.0023
591,-56.253517
592,-58.55433
593,-59.436893
594,-60.64808
595,-52.911434
596,-62.90847
597,-57.70484
598,-52.89065
599,-48.580715
600,-54.866985
601,-52.55071
602,-56.867203
603,-59.096977
604,-55.31606
605,-52.738453
606,-51.347923
607,-58.273174
608,-51.203724
609,-46.021164
610,-57.448776
611,-54.125614
612,-51.967865
613,-64.10722
614,-52.93446
615,-47.84418
616,-55.595474
617,-57.31568
618,-52.037643
619,-53.69379
620,-60.531414
621,-56.590305
622,-57.518612
623,-60.83652
624,-60.908863
625,-58.230892
626,-52.133705
627,-58.821724
628,-59.79572
629,-58.701187
630,-55.525154
631,-59.08139
632,-50.822906
633,-57.727097
634,-57.698948
635,-51.781807
636,-58.701046
637,-57.909782
638,-53.126225
639,-57.39242
640,-56.44225
641,-53.830082
642,-53.612347
643,-58.061726
644,-54.142845
645,-59.407288
646,-53.359795
647,-55.5482
648,-56.25392
649,-56.782394
650,-57.121113
651,-56.55286
652,-56.30802
653,-55.293465
654,-53.250465
655,-61.205788
656,-57.62133
657,-56.912636
658,-62.873653
659,-54.10342
660,-57.576088
661,-54.2747
662,-52.11286
663,-62.859493
664,-50.44497
665,-61.477222
666,-54.66009
667,-53.998272
668,-56.58594
669,-54.810123
670,-50.27824
671,-56.076626
672,-57.119205
673,-59.16356
674,-60.298122
675,-56.308884
676,-60.61038
677,-57.980354
678,-61.595688
679,-62.73498
680,-63.832478
681,-62.59709
682,-63.40111
683,-56.482624
684,-59.67294
685,-56.109936
686,-59.875927
687,-55.11473
688,-59.544846
689,-63.5004
690,-67.05705
691,-64.441826
692,-53.065643
693,-55.790947
694,-58.454227
695,-63.79707
696,-56.475956
697,-58.901722
698,-60.010895
699,-65.785866
700,-63.49009
701,-67.18041
702,-64.06706
703,-58.720936
704,-62.56186
705,-60.21844
706,-67.8666
707,-57.62768
708,-63.25121
709,-60.64468
710,-62.208992
711,-62.7424
712,-64.35197
713,-67.226616
714,-60.406445
715,-62.518356
716,-65.30561
717,-61.476715
718,-50.682102
719,-57.77764
720,-63.37381
721,-64.55557
722,-60.83668
723,-62.338318
724,-61.166344
725,-66.24367
726,-50.713562
727,-62.03391
728,-68.51605
729,-55.20102
730,-56.764034
731,-64.418
732,-59.178604
733,-63.83986
734,-63.306187
735,-65.06014
736,-61.72672
737,-59.191246
738,-63.25008
739,-57.320724
740,-59.326847
741,-60.64961
742,-57.531685
743,-60.01105
744,-59.1939
745,-60.973488
746,-59.311256
747,-52.99141
748,-58.978016
749,-60.130516
750,-64.7186
751,-61.24963
752,-58.955837
753,-62.679386
754,-62.24369
755,-58.63823
756,-64.179016
757,-59.15404
758,-61.027767
759,-60.344894
760,-56.40896
761,-59.43142
762,-62.547844
763,-58.515915
764,-58.158047
765,-53.57808
766,-60.565342
767,-61.73228
768,-58.00838
769,-59.28226
770,-56.267094
771,-56.252296
772,-54.335632
773,-57.94809
774,-61.702522
775,-60.14687
776,-58.295483
777,-58.566616
778,-63.193752
779,-54.12833
780,-55.981834
781,-57.11393
782,-55.867317
783,-57.18355
784,-59.45151
785,-56.91186
786,-57.812374
787,-59.463303
788,-56.08354
789,-59.002663
790,-55.42659
791,-60.15292
792,-56.873695
793,-55.870037
794,-62.58128
795,-55.22395
796,-56.7485
797,-59.534725
798,-53.258713
799,-57.57392
800,-60.700523
801,-57.679893
802,-56.899178
803,-56.99645
804,-59.641125
805,-62.862877
806,-53.312405
807,-60.255207
808,-54.080032
809,-54.909107
810,-54.527355
811,-48.863853
812,-54.9974
813,-53.320877
814,-62.1354
815,-54.470825
816,-58.113293
817,-58.76611
818,-52.941105
819,-59.222443
820,-61.89487
821,-64.57427
822,-64.45205
823,-64.796326
824,-62.772846
825,-60.418953
826,-59.851643
827,-56.477802
828,-62.312317
829,-63.031704
830,-64.667915
831,-60.000454
832,-59.288784
833,-65.88335
834,-60.51551
835,-60.030064
836,-57.783886
837,-64.74773
838,-61.50024
839,-60.641052
840,-60.218628
841,-58.05558
842,-58.661495
843,-57.53044
844,-63.54805
845,-59.200104
846,-62.34899
847,-58.24901
848,-57.164276
849,-55.012943
850,-60.742786
851,-56.219337
852,-64.34398
853,-60.21008
854,-54.43263
855,-57.02457
856,-55.557438
857,-57.22187
858,-63.191685
859,-55.458546
860,-58.62953
861,-60.32931
862,-61.423023
863,-64.44844
864,-66.26884
865,-58.467552
866,-57.75287
867,-57.674046
868,-58.16366
869,-56.38898
870,-61.875492
871,-63.472496
872,-62.526817
873,-67.633255
874,-65.90681
875,-57.898857
876,-60.539333
877,-66.55409
878,-61.729034
879,-61.130318
880,-60.968903
881,-61.341625
882,-59.068695
883,-58.25373
884,-54.421562
885,-60.598766
886,-62.707718
887,-58.458122
888,-57.114235
889,-57.825478
890,-52.36901
891,-60.38181
892,-61.74733
893,-58.769634
894,-61.6148
895,-62.921307
896,-48.28039
897,-59.503212
898,-51.366726
899,-54.072277
900,-60.821594
901,-55.088295
902,-60.12594
903,-56.44498
904,-62.255
905,-62.944626
906,-59.465664
907,-62.693237
908,-61.80425
909,-57.053192
910,-65.00035
911,-61.770687
912,-58.167114
913,-50.822704
914,-58.21187
915,-60.64202
916,-59.321877
917,-57.744274
918,-57.029522
919,-64.69177
920,-56.917786
921,-58.594227
922,-56.966034
923,-58.475594
924,-59.140278
925,-55.22615
926,-60.215183
927,-54.21641
928,-58.096123
929,-60.706688
930,-53.418045
931,-65.17163
932,-54.82464
933,-57.02304
934,-58.147842
935,-53.874767
936,-54.068314
937,-58.476192
938,-55.26388
939,-62.855644
940,-62.135513
941,-55.75007
942,-57.104168
943,-56.707027
944,-58.321877
945,-61.50938
946,-57.745968
947,-60.067657
948,-59.033962
949,-53.89149
950,-50.106216
951,-60.16195
952,-53.92766
953,-62.044975
954,-56.15255
955,-61.50522
956,-63.580566
957,-57.963894
958,-57.72442
959,-52.47469
960,-53.2301
961,-58.943726
962,-59.203957
963,-58.38094
964,-54.389805
965,-57.925144
966,-56.101326
967,-58.68921
968,-52.250698
969,-55.711136
970,-58.12126
971,-61.15505
972,-57.946182
973,-54.153965
974,-51.523155
975,-54.161655
976,-56.379314
977,-51.37152
978,-54.55128
979,-58.45178
980,-53.456814
981,-48.319057
982,-56.837856
983,-57.101856
984,-56.258007
985,-59.83956
986,-60.277718
987,-56.760845
988,-55.283043
989,-63.33222
990,-58.133625
991,-56.597523
992,-55.37516
993,-57.86415
994,-53.58075
995,-57.25854
996,-55.21544
997,-50.844154
998,-57.409813
999,-50.463223
1000,-63.288193
1001,-54.873974
1002,-56.12666
1003,-53.60423
1004,-57.467693
1005,-53.209934
1006,-54.682217
1007,-58.42609
1008,-54.557804
1009,-49.7418
1010,-55.210094
1011,-52.280987
1012,-56.601387
1013,-52.08195
1014,-61.043934
1015,-50.390663
1016,-55.327988
1017,-56.02094
1018,-54.555153
1019,-57.180584
1020,-57.196743
1021,-55.330025
1022,-58.256184
1023,-49.322876
1024,-58.20986
1025,-58.187874
1026,-51.761116
1027,-53.151714
1028,-55.262043
1029,-54.828613
1030,-58.736298
1031,-56.20681
1032,-54.779446
1033,-55.331745
1034,-54.31181
1035,-53.889935
1036,-57.518673
1037,-49.748318
1038,-47.683743
1039,-56.55862
1040,-55.57295
1041,-49.04325
1042,-50.99788
1043,-49.501682
1044,-52.015728
1045,-56.593616
1046,-57.995556
1047,-58.007576
1048,-52.87884
1049,-56.33532
1050,-44.84186
1051,-55.43215
1052,-58.950607
1053,-52.85423
1054,-53.429546
1055,-58.195442
1056,-54.948105
1057,-59.9535
1058,-49.670628
1059,-59.02665
1060,-47.693695
1061,-50.259388
1062,-53.562187
1063,-49.25039
1064,-56.418243
1065,-52.701443
1066,-45.742134
1067,-41.38828
1068,-54.540043
1069,-49.75517
1070,-55.234085
1071,-56.58977
1072,-58.966305
1073,-57.28375
1074,-54.902115
1075,-57.60267
1076,-53.36656
1077,-60.33361
1078,-52.35813
1079,-51.59275
1080,-55.359406
1081,-54.46961
1082,-56.105022
1083,-50.363804
1084,-50.315258
1085,-47.58825
1086,-53.554104
1087,-49.026146
1088,-50.52565
1089,-54.64234
1090,-52.68831
1091,-50.391808
1092,-55.553818
1093,-54.64464
1094,-51.3568
1095,-58.834126
1096,-57.036835
1097,-53.27818
1098,-53.884563
1099,-53.199993
1100,-63.05562
1101,-58.34643
1102,-49.71095
1103,-47.62359
1104,-49.643547
1105,-63.839237
1106,-51.470486
1107,-54.70161
1108,-60.933437
1109,-55.643696
1110,-49.333935
1111,-52.048454
1112,-56.06256
1113,-56.550625
1114,-57.264523
1115,-54.362537
1116,-59.05543
1117,-54.70828
1118,-56.086056
1119,-46.470787
1120,-55.987038
1121,-49.935734
1122,-52.786762
1123,-50.312965
1124,-51.98491
1125,-53.00437
1126,-56.867393
1127,-47.944614
1128,-49.494587
1129,-49.145115
1130,-51.023674
1131,-48.74775
1132,-57.4696
1133,-47.352283
1134,-49.22772
1135,-50.329823
1136,-51.000023
1137,-55.143066
1138,-43.357304
1139,-51.21691
1140,-51.45479
1141,-50.97988
1142,-51.642883
1143,-61.420406
1144,-46.44639
1145,-47.836082
1146,-48.58458
1147,-47.894768
1148,-41.221237
1149,-38.143524
1150,-47.593987
1151,-42.522034
1152,-44.98692
1153,-51.935177
1154,-54.60216
1155,-48.556458
1156,-45.678555
1157,-48.11611
1158,-40.62577
1159,-43.86562
1160,-49.403126
1161,-47.84447
1162,-49.67311
1163,-44.05593
1164,-46.030643
1165,-42.760815
1166,-45.310646
1167,-49.016457
1168,-54.995678
1169,-48.085068
1170,-46.760044
1171,-46.02532
1172,-52.30122
1173,-47.986782
1174,-46.758095
1175,-47.592003
1176,-48.03403
1177,-51.149708
1178,-44.143406
1179,-53.707
1180,-42.853237
1181,-45.877926
1182,-54.32804
1183,-48.285046
1184,-48.46954
1185,-47.183887
1186,-47.777542
1187,-40.06581
1188,-48.08374
1189,-41.209213
1190,-44.12527
1191,-37.830826
1192,-44.127235
1193,-45.678352
1194,-40.049427
1195,-48.55714
1196,-41.09823
1197,-46.3822
1198,-46.573353
1199,-42.443287
1200,-46.354073
1201,-43.303936
1202,-42.938057
1203,-47.336285
1204,-39.81754
1205,-38.62242
1206,-37.28718
1207,-37.37825
1208,-46.504
1209,-36.04029
1210,-41.277172
1211,-26.22606
1212,-48.4433
1213,-36.882874
1214,-42.309586
1215,-43.740543
1216,-48.462837
1217,-37.756695
1218,-48.11657
1219,-41.774445
1220,-40.352444
1221,-37.692127
1222,-39.095703
1223,-46.44247
1224,-41.830193
1225,-35.578526
1226,-44.672287
1227,-44.901264
1228,-47.730534
1229,-38.596397
1230,-38.22885
1231,-35.188004
1232,-40.62532
1233,-35.450607
1234,-39.427685
1235,-34.335636
1236,-45.153946
1237,-35.812935
1238,-41.288925
1239,-39.095028
1240,-34.419235
1241,-40.530533
1242,-40.795986
1243,-46.82726
1244,-34.628147
1245,-33.264935
1246,-44.183083
1247,-34.860256
1248,-46.695587
1249,-43.196133
1250,-39.18257
1251,-34.36931
1252,-37.175545
1253,-40.016346
1254,-41.82637
1255,-40.59362
1256,-31.242212
1257,-34.406033
1258,-41.35724
1259,-45.704006
1260,-37.90432
1261,-29.233559
1262,-33.799942
1263,-41.343857
1264,-29.914074
1265,-36.24388
1266,-42.56224
1267,-34.53231
1268,-38.48324
1269,-37.84267
1270,-33.422386
1271,-36.420895
1272,-36.922794
1273,-34.958065
1274,-42.6149
1275,-34.849342
1276,-38.714222
1277,-37.485836
1278,-33.477077
1279,-33.271374
1280,-40.81519
1281,-32.47947
1282,-33.93634
1283,-31.806767
1284,-27.83221
1285,-22.560955
1286,-19.733849
1287,-40.782364
1288,-36.93872
1289,-33.49058
1290,-36.784523
1291,-40.186207
1292,-29.88628
1293,-30.186962
1294,-38.507587
1295,-38.069653
1296,-41.37765
1297,-43.620796
1298,-36.312824
1299,-34.427113
1300,-33.514557
1301,-29.695272
1302,-40.11837
1303,-33.93977
1304,-29.738554
1305,-28.552042
1306,-43.045746
1307,-33.48858
1308,-39.668594
1309,-32.67343
1310,-31.550268
1311,-32.876945
1312,-23.41867
1313,-31.118706
1314,-22.159512
1315,-27.459587
1316,-19.347263
1317,-30.882357
1318,-23.088112
1319,-26.571651
1320,-30.131836
1321,-29.066221
1322,-33.84389
1323,-22.649485
1324,-24.375736
1325,-31.807371
1326,-31.789322
1327,-25.339687
1328,-27.52444
1329,-22.823301
1330,-29.620447
1331,-28.812826
1332,-27.715145
1333,-31.988586
1334,-34.868702
1335,-28.626272
1336,-32.4282
1337,-37.768047
1338,-21.859484
1339,-32.454945
1340,-26.104918
1341,-26.917274
1342,-35.26535
1343,-29.694864
1344,-27.206453
1345,-25.386251
1346,-31.822895
1347,-24.48555
1348,-31.268929
1349,-30.901913
1350,-32.843903
1351,-18.726265
1352,-26.2908
1353,-23.739775
1354,-28.114
1355,-19.98442
1356,-31.49957
1357,-30.214458
1358,-30.978333
1359,-21.139788
1360,-24.851038
1361,-33.658573
1362,-23.085585
1363,-29.967756
1364,-27.317442
1365,-28.946682
1366,-18.061357
1367,-26.681316
1368,-20.015593
1369,-35.25367
1370,-35.66022
1371,-36.76312
1372,-27.461695
1373,-21.611254
1374,-26.758142
1375,-26.122711
1376,-31.64063
1377,-27.44064
1378,-17.490875
1379,-22.651844
1380,-21.944746
1381,-26.627735
1382,-32.25231
1383,-17.773727
1384,-17.070093
1385,-23.376385
1386,-24.65084
1387,-29.007933
1388,-27.418743
1389,-27.825087
1390,-28.492075
1391,-19.343859
1392,-27.342802
1393,-33.075535
1394,-16.47486
1395,-19.083769
1396,-31.046186
1397,-18.425245
1398,-25.124788
1399,-17.245012
1400,-18.895552
1401,-26.151182
1402,-18.773664
1403,-29.1486
1404,-17.221443
1405,-28.07539
1406,-19.269558
1407,-25.894014
1408,-23.43839
1409,-20.442894
1410,-22.575354
1411,-20.37822
1412,-21.780964
1413,-19.084837
1414,-24.620966
1415,-32.8597
1416,-29.666405
1417,-17.074265
1418,-20.455725
1419,-22.398256
1420,-20.110111
1421,-31.243195
1422,-26.739815
1423,-22.765495
1424,-21.578655
1425,-17.452131
1426,-21.559435
1427,-23.462185
1428,-21.23247
1429,-24.15357
1430,-19.102352
1431,-26.187273
1432,-18.072569
1433,-23.684742
1434,-22.820395
1435,-17.031282
1436,-18.790422
1437,-18.797039
1438,-21.91191
1439,-23.339882
1440,-22.679592
1441,-23.06873
1442,-24.253958
1443,-19.494755
1444,-21.329134
1445,-21.961147
1446,-18.005503
1447,-20.974615
1448,-21.200687
1449,-24.199505
1450,-21.552765
1451,-13.712245
1452,-16.603832
1453,-18.862732
1454,-15.51919
1455,-18.132957
1456,-15.514935
1457,-24.34583
1458,-15.143825
1459,-21.398228
1460,-20.101454
1461,-15.285726
1462,-19.972357
1463,-14.975405
1464,-18.055079
1465,-21.597002
1466,-25.553936
1467,-18.208918
1468,-19.454153
1469,-23.271349
1470,-23.045938
1471,-18.055565
1472,-16.481895
1473,-14.748613
1474,-20.173897
1475,-19.878649
1476,-22.72391
1477,-15.599665
1478,-14.443351
1479,-16.07503
1480,-22.976278
1481,-18.400272
1482,-19.79927
1483,-22.994324
1484,-19.902636
1485,-22.956562
1486,-26.6919
1487,-17.642822
1488,-21.412018
1489,-18.121979
1490,-19.556646
1491,-22.638187
1492,-14.395127
1493,-22.780954
1494,-16.406612
1495,-14.8737545
1496,-16.225264
1497,-13.856928
1498,-15.605914
1499,-15.074227
1500,-13.928042
1501,-14.949313
1502,-18.91753
1503,-15.284066
1504,-23.30386
1505,-19.00668
1506,-17.030014
1507,-18.603672
1508,-15.013612
1509,-13.741099
1510,-10.969261
1511,-20.579641
1512,-21.23692
1513,-21.426188
1514,-18.90009
1515,-22.753094
1516,-20.938402
1517,-19.516075
1518,-14.696607
1519,-21.11073
1520,-22.767595
1521,-20.48475
1522,-18.601965
1523,-12.224613
1524,-14.464393
1525,-18.418667
1526,-16.639791
1527,-23.344946
1528,-14.701703
1529,-17.39074
1530,-17.04138
1531,-19.080305
1532,-19.290565
1533,-12.950979
1534,-16.513824
1535,-16.635908
1536,-17.146986
1537,-13.648721
1538,-18.976149
1539,-17.72687
1540,-18.863111
1541,-16.199968
1542,-17.99839
1543,-23.337866
1544,-20.672905
1545,-13.807919
1546,-13.74313
1547,-16.42834
1548,-15.070732
1549,-20.22784
1550,-22.529327
1551,-19.939829
1552,-16.574444
1553,-23.108194
1554,-17.669031
1555,-16.088625
1556,-17.659422
1557,-20.559017
1558,-19.798443
1559,-21.712336
1560,-17.83002
1561,-14.04497
1562,-15.5000725
1563,-13.465001
1564,-19.967962
1565,-14.424271
1566,-19.670628
1567,-10.92033
1568,-18.617844
1569,-11.489498
1570,-13.11534
1571,-16.498499
1572,-11.051492
1573,-17.498756
1574,-17.776636
1575,-14.756005
1576,-16.105202
1577,-15.337311
1578,-19.226786
1579,-11.967394
1580,-11.872439
1581,-14.357418
1582,-19.762451
1583,-20.489407
1584,-18.651878
1585,-20.116232
1586,-12.913663
1587,-18.866508
1588,-19.19609
1589,-18.452713
1590,-15.580158
1591,-13.287259
1592,-17.54189
1593,-12.391525
1594,-12.149123
1595,-17.051664
1596,-21.040333
1597,-14.591877
1598,-13.423825
1599,-15.49439
1600,-19.136467
1601,-17.158663
1602,-11.736189
1603,-10.707957
1604,-15.936804
1605,-14.4877615
1606,-21.093952
1607,-17.122124
1608,-17.080156
1609,-16.873957
1610,-16.040102
1611,-11.891087
1612,-14.754371
1613,-19.819103
1614,-19.431662
1615,-15.136429
1616,-13.480077
1617,-14.552033
1618,-12.271517
1619,-21.121012
1620,-18.606777
1621,-19.431486
1622,-14.543388
1623,-13.8613615
1624,-16.2525
1625,-13.536336
1626,-16.013136
1627,-11.415578
1628,-12.944186
1629,-11.28162
1630,-21.795805
1631,-18.4331
1632,-17.712883
1633,-14.021043
1634,-14.886479
1635,-20.943422
1636,-12.529596
1637,-14.929831
1638,-15.030378
1639,-12.757634
1640,-10.990421
1641,-9.919208
1642,-11.834422
1643,-15.057377
1644,-12.6399145
1645,-10.636728
1646,-15.492688
1647,-11.74179
1648,-12.791111
1649,-19.103815
1650,-12.453246
1651,-13.010095
1652,-16.621313
1653,-11.9021015
1654,-12.962469
1655,-13.760375
1656,-22.885435
1657,-15.007183
1658,-13.839474
1659,-14.85042
1660,-14.844115
1661,-10.874506
1662,-12.450469
1663,-10.244054
1664,-17.537706
1665,-18.36809
1666,-19.080896
1667,-15.413136
1668,-15.310671
1669,-20.378761
1670,-16.434338
1671,-13.79193
1672,-15.025887
1673,-9.320664
1674,-16.876143
1675,-13.159168
1676,-13.218571
1677,-13.513206
1678,-10.294324
1679,-14.363096
1680,-13.3499975
1681,-11.640613
1682,-9.544033
1683,-15.682898
1684,-17.891275
1685,-13.804004
1686,-13.660104
1687,-13.959013
1688,-15.518724
1689,-11.077917
1690,-19.351444
1691,-19.889128
1692,-14.26306
1693,-17.491278
1694,-10.839635
1695,-12.856057
1696,-11.975048
1697,-11.563059
1698,-13.3689785
1699,-15.152413
1700,-9.029136
1701,-19.756935
1702,-16.474033
1703,-8.801845
1704,-9.500732
1705,-19.09715
1706,-12.023973
1707,-10.591575
1708,-18.505455
1709,-19.970253
1710,-15.379783
1711,-11.740633
1712,-18.26354
1713,-15.885113
1714,-19.48768
1715,-19.556154
1716,-18.740076
1717,-12.298571
1718,-15.0071
1719,-9.361359
1720,-10.861284
1721,-16.786905
1722,-17.11014
1723,-17.023947
1724,-17.818691
1725,-9.96915
1726,-10.760859
1727,-16.644733
1728,-12.329787
1729,-11.850047
1730,-17.107807
1731,-10.877886
1732,-15.881108
1733,-14.1706915
1734,-10.518652
1735,-13.295553
1736,-17.358364
1737,-11.748898
1738,-19.8498
1739,-14.626121
1740,-14.441734
1741,-13.546312
1742,-15.397371
1743,-20.1657
1744,-14.558146
1745,-9.094613
1746,-15.1511755
1747,-13.174752
1748,-19.244478
1749,-8.621299
1750,-12.358874
1751,-19.02805
1752,-13.044181
1753,-12.794148
1754,-12.83586
1755,-14.735128
1756,-13.267692
1757,-13.798583
1758,-9.105746
1759,-7.453631
1760,-16.601873
1761,-9.097471
1762,-11.925374
1763,-16.10488
1764,-16.832972
1765,-14.458424
1766,-8.316371
1767,-12.525932
1768,-17.511612
1769,-20.344309
1770,-10.610117
1771,-19.902948
1772,-13.593216
1773,-16.354662
1774,-16.073889
1775,-14.744633
1776,-16.547256
1777,-17.320454
1778,-20.558708
1779,-13.474251
1780,-17.505241
1781,-13.239236
1782,-16.882303
1783,-12.655494
1784,-15.647391
1785,-7.918474
1786,-9.920229
1787,-18.226778
1788,-12.551933
1789,-10.422284
1790,-12.041668
1791,-14.115186
1792,-18.911917
1793,-12.866956
1794,-12.968106
1795,-10.161986
1796,-12.26277
1797,-12.1849
1798,-10.933751
1799,-14.7704315
1800,-10.999728
1801,-18.084232
1802,-11.419083
1803,-19.639124
1804,-14.625754
1805,-12.54653
1806,-9.328166
1807,-12.398273
1808,-10.944844
1809,-12.535378
1810,-11.559155
1811,-12.512227
1812,-19.071072
1813,-12.944663
1814,-13.738847
1815,-9.386799
1816,-10.315913
1817,-11.910916
1818,-9.715622
1819,-12.448912
1820,-12.142464
1821,-13.6995735
1822,-11.612618
1823,-11.133493
1824,-10.711268
1825,-12.214918
1826,-9.671447
1827,-9.220982
1828,-13.266325
1829,-17.402746
1830,-13.888548
1831,-10.011412
1832,-10.532
1833,-10.334822
1834,-10.178985
1835,-7.975984
1836,-12.440445
1837,-11.83423
1838,-9.023412
1839,-12.675542
1840,-12.9901905
1841,-11.131777
1842,-17.601513
1843,-10.399808
1844,-10.76059
1845,-14.140704
1846,-12.207742
1847,-13.381898
1848,-11.326844
1849,-18.397133
1850,-11.459522
1851,-8.954333
1852,-10.091998
1853,-19.345669
1854,-6.75037
1855,-17.189016
1856,-15.428692
1857,-7.8371987
1858,-11.518592
1859,-10.575656
1860,-8.570787
1861,-6.458427
1862,-9.2594385
1863,-8.045932
1864,-9.153543
1865,-11.895476
1866,-17.279806
1867,-15.584065
1868,-11.255195
1869,-8.279194
1870,-11.752468
1871,-12.833247
1872,-10.361518
1873,-10.5738125
1874,-14.974853
1875,-9.774817
1876,-17.69049
1877,-9.385256
1878,-13.27803
1879,-8.814713
1880,-5.848059
1881,-18.244093
1882,-6.28115
1883,-16.49987
1884,-15.70068
1885,-7.375467
1886,-11.24554
1887,-15.641158
1888,-18.789515
1889,-12.245898
1890,-9.070994
1891,-8.731091
1892,-7.0207157
1893,-7.0900607
1894,-9.307682
1895,-8.1764555
1896,-10.268521
1897,-13.787957
1898,-11.341389
1899,-9.047067
1900,-13.286815
1901,-15.345806
1902,-13.328045
1903,-18.003792
1904,-7.199862
1905,-8.421841
1906,-14.299519
1907,-10.639761
1908,-7.705355
1909,-12.222791
1910,-9.7387495
1911,-17.16401
1912,-12.644685
1913,-7.007653
1914,-13.935441
1915,-7.889424
1916,-16.528894
1917,-14.583462
1918,-14.325915
1919,-8.348177
1920,-9.027992
1921,-17.303986
1922,-8.139298
1923,-6.3252153
1924,-17.352955
1925,-10.501568
1926,-7.7511115
1927,-14.623963
1928,-7.167355
1929,-10.655383
1930,-14.403432
1931,-18.59663
1932,-7.956247
1933,-13.7733
1934,-10.165745
1935,-12.62652
1936,-5.2101693
1937,-7.941904
1938,-14.48629
1939,-16.11084
1940,-11.511245
1941,-8.648882
1942,-6.6374307
1943,-10.312224
1944,-12.419427
1945,-19.212088
1946,-16.676628
1947,-10.090046
1948,-15.137349
1949,-8.554879
1950,-12.662732
1951,-11.291775
1952,-12.81058
1953,-12.164208
1954,-14.690748
1955,-7.33399
1956,-6.8644753
1957,-15.143785
1958,-11.551683
1959,-10.294328
1960,-6.5459776
1961,-6.7067447
1962,-14.915831
1963,-7.029098
1964,-8.921522
1965,-9.181806
1966,-10.125928
1967,-8.697095
1968,-8.991861
1969,-16.819504
1970,-9.762035
1971,-8.0966215
1972,-11.677448
1973,-9.636537
1974,-13.260342
1975,-13.263287
1976,-13.435503
1977,-11.8277
1978,-8.608784
1979,-11.914522
1980,-12.637211
1981,-10.7577505
1982,-12.060362
1983,-7.5147657
1984,-16.966492
1985,-7.929641
1986,-17.053333
1987,-6.2807927
1988,-5.3060193
1989,-13.912361
1990,-9.129867
1991,-7.9190016
1992,-9.772217
1993,-11.974182
1994,-6.561051
1995,-16.119265
1996,-6.6173043
1997,-5.2612376
1998,-5.584076
1999,-10.034671
2000,-15.723566
2001,-12.4187
2002,-11.205907
2003,-8.595615
2004,-13.390786
2005,-12.830327
2006,-10.571663
2007,-5.625086
2008,-6.4498973
2009,-8.751076
2010,-11.579904
2011,-14.252487
2012,-6.0212398
2013,-15.084745
2014,-5.7156444
2015,-11.553304
2016,-14.294445
2017,-6.3702464
2018,-5.847586
2019,-12.909488
2020,-10.640755
2021,-6.252058
2022,-12.30747
2023,-16.85805
2024,-11.419311
2025,-7.222791
2026,-14.5898075
2027,-10.755367
2028,-6.0410037
2029,-14.834289
2030,-15.998402
2031,-6.864173
2032,-7.1278543
2033,-12.69784
2034,-8.543317
2035,-17.088434
2036,-15.729663
2037,-4.4816184
2038,-15.864
2039,-8.542248
2040,-6.4619217
2041,-8.71597
2042,-8.175174
2043,-7.275464
2044,-6.031229
2045,-7.31682
2046,-13.2883005
2047,-10.075283
2048,-9.098994
