Update,Environment Steps,Episodes Completed,Advantage Mean,Advantage Std,Return Mean,Policy Loss,Value Loss,Entropy,Clip Fraction,Approx KL
1,1024,20,-11.407653,4.585582,-11.292078,-0.012257159769069404,113.5205062866211,2.808798202872276,0.073046875,0.006232878327136859
2,2048,40,-10.420532,5.1818132,-13.590123,-0.016339283791603522,108.88359780311585,2.765090022981167,0.08740234375,0.007132831768831238
3,3072,61,-10.288687,5.188167,-11.205055,-0.01575126579264179,61.700875151157376,2.7463353857398034,0.1201171875,0.008533477043965832
4,4096,81,-9.693555,3.8932629,-18.020248,-0.00854794387705624,64.11554251909256,2.733489269018173,0.069140625,0.005788105604005977
5,5120,102,-8.961235,4.282127,-22.682367,-0.01159148255828768,62.56629534959793,2.715806172788143,0.06796875,0.0057080360304098575
6,6144,122,-7.708201,4.203861,-24.347572,-0.01130633200518787,49.84254256486893,2.6944563940167425,0.0748046875,0.0059442886325996366
7,7168,143,-7.633205,3.8891418,-27.663532,-0.004941934003727511,42.41689960956573,2.6643711000680925,0.05732421875,0.004864551889477297
8,8192,163,-7.3585806,3.4017966,-30.534702,-0.009028932946966961,33.76449695825577,2.6318948000669478,0.07314453125,0.005910241528181359
9,9216,184,-6.8990297,3.0752554,-34.843945,-0.010006595740560443,35.7365803360939,2.5839795872569082,0.08408203125,0.0070380067452788355
10,10240,204,-6.4465413,2.436767,-37.952835,-0.005647213704651222,27.11705927848816,2.5268112778663636,0.05029296875,0.004711689293617383
11,11264,225,-5.8741593,2.3965256,-41.47992,-0.006253853917587549,23.2732874751091,2.4762598156929014,0.0732421875,0.00605725894565694
12,12288,245,-5.629917,2.429076,-44.852894,-0.010500359497382306,21.879898011684418,2.420663507282734,0.059765625,0.005431997688720003
13,13312,266,-4.5930815,2.2598188,-47.349224,-0.012348135671345517,14.349549302458763,2.351674845814705,0.10693359375,0.008407430653460325
14,14336,286,-3.8335853,1.690954,-49.958763,-0.005626122042303905,8.409438334405422,2.276822140812874,0.0890625,0.007475555053679273
15,15360,307,-3.380372,1.8645959,-52.864395,-0.011970546349766664,7.478396140038967,2.18333507925272,0.1279296875,0.010228167497552931
16,16384,327,-2.1827893,1.5309136,-54.861187,-0.014965030929306521,3.5043439477682115,2.0483459353446962,0.13603515625,0.010536881536245346
17,17408,348,-1.4696283,1.271411,-56.381287,-0.012601037637796252,2.002648235112429,1.9200384885072708,0.12490234375,0.010760675620986149
18,18432,368,-0.9668089,1.2761878,-57.36717,-0.016026539652375504,1.7041633144021033,1.8022260166704656,0.16787109375,0.012550973595352843
19,19456,389,-0.50352937,1.5492039,-57.754787,-0.014758603554219008,2.1109161131083964,1.6840479910373687,0.10712890625,0.008981074544135482
20,20480,409,0.2710304,1.1763579,-57.48577,-0.016188591736136005,1.3331866908818484,1.5789247632026673,0.12724609375,0.010226083837915212
21,21504,430,0.3935302,1.1303945,-57.10092,-0.016429723962210117,1.2533479809761048,1.474881610274315,0.1203125,0.010651576140662655
22,22528,450,0.74766564,1.0682436,-56.374706,-0.016340900119394063,1.1372385390102864,1.3768614903092384,0.1193359375,0.009800291777355596
23,23552,471,0.8505712,0.9259428,-55.53602,-0.013470224270713515,0.8305356450378895,1.2925520449876786,0.11123046875,0.008507345709949732
24,24576,491,0.9792016,1.0117811,-54.468193,-0.0162713912606705,1.028085470199585,1.2160789780318737,0.10703125,0.008068531204480677
25,25600,512,0.8447517,1.015753,-53.36309,-0.010798657248960808,1.032688645273447,1.1436450116336345,0.07021484375,0.006234433458303101
26,26624,532,1.0046487,0.85715014,-52.238457,-0.01350817775237374,0.7306645214557648,1.070413787662983,0.0955078125,0.008050754744908772
27,27648,552,0.7535274,0.9582198,-51.50825,-0.015056237526005134,0.8766186505556106,1.0068086825311184,0.11884765625,0.009492505804519168
28,28672,573,1.2744747,0.99310726,-50.23018,-0.009236192237585783,0.9369475230574608,0.9571072358638049,0.07119140625,0.005999171166331507
29,29696,593,1.0630894,1.0798541,-49.068825,-0.014029732532799244,0.9418317785486578,0.9098683498799801,0.09267578125,0.007679887011181563
30,30720,614,0.7627771,0.93359584,-48.324688,-0.008502996037714183,0.7888583064079284,0.8530299123376608,0.10595703125,0.008563172101275995
31,31744,634,1.045514,0.88158154,-47.14888,-0.011288186599267646,0.6841941274702549,0.8033851597458124,0.1076171875,0.008582519850460813
32,32768,655,1.0339079,0.9165759,-46.159214,-0.010152561531867832,0.7560784503817558,0.7689888928085565,0.0908203125,0.007390760310227051
33,33792,675,0.77057326,0.8414087,-45.44096,-0.014019136235583573,0.5754353968426585,0.7296261288225651,0.13037109375,0.009533275890862569
34,34816,696,0.63528454,1.003645,-44.302795,-0.006581781798740849,0.7230902507901191,0.6856273539364338,0.0970703125,0.0073854396352544425
35,35840,716,0.670344,0.9275174,-44.094475,-0.010288694966584444,0.7092046692967415,0.6372852351516485,0.09345703125,0.007492084120167419
36,36864,737,0.88579834,0.8675518,-42.867043,-0.013711649487959221,0.5774391833692789,0.5882657214999198,0.10283203125,0.008105554594658315
37,37888,757,0.83535814,0.82424533,-41.995743,-0.009084585955133662,0.5251370673067868,0.5360150303691625,0.10791015625,0.008453888981603087
38,38912,778,0.76272917,0.866872,-41.33869,-0.012737678439589218,0.6593501456081867,0.4885536588728428,0.10302734375,0.00816777889849618
39,39936,798,0.87813395,0.81746155,-39.96068,-0.009376972069730982,0.5584580220282078,0.4451540410518646,0.0982421875,0.0076784546603448686
40,40960,819,0.83427685,0.76463205,-39.12715,-0.007758464541984722,0.4824499709531665,0.39757145904004576,0.0880859375,0.007127805147320032
41,41984,839,0.5200209,0.6847138,-38.985214,-0.0085703250777442,0.3399513093754649,0.35579658970236777,0.14443359375,0.0104403096716851
42,43008,860,0.9167261,0.7593564,-37.62757,-0.010523353089229203,0.46883841454982755,0.31938219219446184,0.10185546875,0.00847218816052191
43,44032,880,0.67345256,0.78310454,-36.988663,-0.011584760661935433,0.47184764938428997,0.27098049148917197,0.09921875,0.007668048050254584
44,45056,901,1.0589006,0.71146977,-35.519722,-0.015749142930144445,0.459157601185143,0.22308995723724365,0.17275390625,0.012819395534461365
45,46080,921,0.508765,0.8669502,-35.07645,-0.008057259244378657,0.43663097694516184,0.17469509914517403,0.092578125,0.007529385923407972
46,47104,942,0.48321638,0.7836825,-34.583523,-0.006636996369343251,0.4468833448365331,0.12034627050161362,0.0646484375,0.0060413801169488576
47,48128,962,0.49559894,0.58037657,-33.84937,-0.011159549256262835,0.25437906514853237,0.066921366751194,0.147265625,0.011244477942818775
48,49152,983,0.67871344,0.6007854,-33.319283,-0.007530854662763886,0.29018939277157185,0.018354089558124544,0.10654296875,0.008133562136208639
49,50176,1003,0.565237,0.6276019,-32.78244,-0.013701441360171884,0.3293724979273975,-0.02741660624742508,0.15107421875,0.010300716571509837
50,51200,1024,0.6452217,0.55551606,-32.043785,-0.013772750954376533,0.20890984470024704,-0.07580380961298942,0.15546875,0.01116574828629382
51,52224,1044,0.43215692,0.68400943,-30.960491,-0.0042066674097441135,0.33788429563865063,-0.11923980340361595,0.1400390625,0.010183356871129945
52,53248,1064,0.44411492,0.6969453,-31.18394,-0.012470663007115945,0.37509722728282213,-0.15686160326004028,0.132421875,0.009414979355642571
53,54272,1085,0.6650367,0.6314532,-30.078472,-0.0066247678536456075,0.3271718531847,-0.19993307963013648,0.09560546875,0.007502043375279754
54,55296,1105,0.58340657,0.5666081,-29.654417,-0.0067600980575662105,0.2469846903346479,-0.24001617282629012,0.1173828125,0.008822696341667324
55,56320,1126,0.3959103,0.64581054,-29.140055,-0.008333350700559095,0.3253980128094554,-0.27233088612556455,0.12490234375,0.009629973216215148
56,57344,1146,0.54342437,0.62665975,-28.529366,-0.004934322234475985,0.31545797660946845,-0.30883425995707514,0.1529296875,0.011719417275162413
57,58368,1167,0.50450647,0.51691025,-27.75489,-0.01154285840166267,0.2191613407805562,-0.34665402919054034,0.14453125,0.01001360168447718
58,59392,1187,0.3451108,0.48305598,-27.291023,-0.016510294217732736,0.18848399235866964,-0.39434108398854734,0.1556640625,0.011699598049744964
59,60416,1208,0.30196488,0.6186235,-27.272432,-0.008964248647680506,0.25699324561282993,-0.43695430010557174,0.13798828125,0.010328613582532852
60,61440,1228,0.25586563,0.6595985,-26.659672,-0.010901608935091645,0.29508280707523227,-0.46778836436569693,0.12080078125,0.009490975982043893
61,62464,1249,0.32973117,0.57253355,-26.402971,-0.011205777630675585,0.2151451171375811,-0.4967083390802145,0.18955078125,0.013853804575046525
62,63488,1269,0.27153724,0.6584131,-25.789852,-0.002268603222910315,0.2021252137608826,-0.5217407375574112,0.129296875,0.00995356683852151
63,64512,1290,0.23973392,0.6640241,-25.609379,-0.007597453380003572,0.27214930579066277,-0.5506368570029736,0.1396484375,0.010281249007675797
64,65536,1310,0.29139295,0.6293959,-24.982006,-0.006262930372031406,0.27732013864442706,-0.5729776509106159,0.134765625,0.009585912618786097
65,66560,1331,0.18747865,0.6385704,-24.839344,-0.00643002325668931,0.27238774569705126,-0.5929447419941425,0.144921875,0.010983765369746833
66,67584,1351,0.27803883,0.611412,-24.521069,-0.00924672115361318,0.2894896534271538,-0.6292511146515608,0.16201171875,0.012085915450006724
67,68608,1372,0.2838014,0.644108,-24.097914,-0.007140989298932254,0.2788101457990706,-0.6703120328485965,0.1390625,0.010077564278617501
68,69632,1392,0.30350125,0.4910854,-23.656673,-0.004678891075309366,0.1658526468090713,-0.7118000444024801,0.16904296875,0.012209785863524303
69,70656,1413,0.25108194,0.42887852,-23.467188,-0.006847481423756107,0.15017316564917566,-0.7610472839325666,0.153515625,0.011246503482107073
70,71680,1433,0.31158715,0.4574992,-23.264463,-0.011580878536915407,0.17870112364180385,-0.7994222391396761,0.1662109375,0.012786540540400893
71,72704,1454,0.10291196,0.4968747,-23.269665,-0.007182355929398909,0.15827895081602036,-0.824943645298481,0.15244140625,0.011274176044389605
72,73728,1474,0.15601262,0.49772233,-22.771969,-0.008340132376179098,0.19209532472305,-0.8489455841481686,0.1908203125,0.015164711186662317
73,74752,1495,0.09897098,0.58220214,-22.855747,-0.0032720750954467804,0.20536915268748998,-0.8639676973223687,0.13583984375,0.010150064958725124
74,75776,1515,0.12851115,0.55525786,-22.907913,-0.0049914410396013405,0.19597037695348263,-0.8732581604272127,0.15771484375,0.011873033683514223
75,76800,1536,0.16447642,0.54684633,-22.214424,-0.0015972153400070966,0.2313826633617282,-0.8924251917749644,0.13857421875,0.010140700329793617
76,77824,1556,0.08683453,0.67269444,-22.597395,-0.006254971917951479,0.34780208570882676,-0.9079194720834494,0.161328125,0.011699298227904364
77,78848,1576,0.28058395,0.59459955,-21.334423,-0.00822415406582877,0.18948687980882822,-0.9304450731724501,0.17578125,0.013098393270047382
78,79872,1597,0.10942766,0.50152236,-21.634136,-0.006559116006246768,0.19501535864546896,-0.9545233719050884,0.189453125,0.014495398243889212
79,80896,1617,0.039370727,0.7088052,-21.61822,-0.007856236823135987,0.3247243559919298,-0.9690895225852728,0.1908203125,0.014834391156909987
80,81920,1638,0.28504223,0.6550295,-21.297604,-0.007504470174899325,0.24416112578473986,-0.9815905220806599,0.1681640625,0.012334931892110036
81,82944,1658,0.24033004,0.6746814,-20.620651,-0.002804854337591678,0.2889203688129783,-0.9889175526797771,0.1533203125,0.011668512260075658
82,83968,1679,0.2372855,0.5858498,-20.007805,-0.004980882519157603,0.2682414337992668,-0.993500404804945,0.18759765625,0.015224013110855594
83,84992,1699,-0.0011724643,0.6429056,-20.32116,-0.005456520064035431,0.2688844294287264,-0.9962263748049736,0.15419921875,0.01135306166834198
84,86016,1720,0.18855909,0.6006788,-20.553568,-0.003395012055989355,0.2704575532115996,-1.0030861064791678,0.19501953125,0.01563423638581298
85,87040,1740,0.106083825,0.6720387,-20.281597,-0.006838130511459895,0.34496941342949866,-1.011650274693966,0.18740234375,0.01446924259653315
86,88064,1761,0.022871941,0.5064702,-20.789192,-0.009926565125351772,0.17283745855093002,-1.0229403764009475,0.19765625,0.015573395870160312
87,89088,1781,0.23394725,0.4520299,-20.264687,-0.008312094086431899,0.15133924623951317,-1.0393588282167912,0.1712890625,0.01335149974329397
88,90112,1802,0.0066267624,0.5106943,-19.794117,-0.002593019529012963,0.19665651125833392,-1.0700758121907712,0.15732421875,0.012100596236996353
89,91136,1822,0.22815627,0.55369407,-18.433191,-0.0077467065653763715,0.20512736774981022,-1.1093476705253125,0.14970703125,0.010869312408613042
90,92160,1843,0.11227077,0.4831325,-18.676308,-0.002978044081828557,0.17894209893420338,-1.1453729785978795,0.1751953125,0.013341915578348563
91,93184,1863,0.06485999,0.45572495,-19.230026,0.0005371038685552775,0.13310584318824112,-1.1715334996581077,0.16943359375,0.013537885586265475
92,94208,1884,0.0994004,0.46933517,-19.544899,0.004740244161803275,0.1460001325700432,-1.1871429197490215,0.16748046875,0.012837883824249729
93,95232,1904,0.13076532,0.5439581,-18.980108,-0.003534999897237867,0.2071567685343325,-1.2075967229902744,0.12822265625,0.009995397494640202
94,96256,1925,0.09639284,0.43125916,-18.929832,-0.004027625388698652,0.10122097502462565,-1.224394079297781,0.16650390625,0.012822664220584557
95,97280,1945,-0.03181859,0.4501733,-19.246498,-0.007240672578336671,0.14206785205751657,-1.2358255177736281,0.199609375,0.01536827873205766
96,98304,1966,0.10014276,0.57585377,-18.610138,-0.002977034804644063,0.2103537708055228,-1.2524924866855145,0.1779296875,0.012598098698072135
97,99328,1986,0.17139968,0.4612626,-17.921446,-0.011290183567325585,0.14621677426621318,-1.2757026232779025,0.18037109375,0.01401661594863981
98,100352,2007,0.073377945,0.50812924,-18.670464,-0.0022957627254072575,0.17686336217448115,-1.3058053433895112,0.207421875,0.016571089456556366
99,101376,2027,0.26875308,0.45594087,-17.691908,-0.0005152180296136066,0.13292545648291706,-1.340946590155363,0.16767578125,0.011859653878491371
100,102400,2048,-0.026757829,0.6006121,-17.69197,0.0027811810723505914,0.2309104993008077,-1.368040145933628,0.1576171875,0.012551829690346494
